id,bbox,sick
Train_1386.jpg,"[128, 0, 64, 43]",0
Train_592.jpg,"[256, 0, 64, 43]",0
Train_893.jpg,"[384, 0, 64, 43]",0
Train_1288.jpg,"[512, 0, 64, 43]",1
Train_855.jpg,"[576, 0, 64, 43]",1
Train_1248.jpg,"[704, 0, 64, 43]",0
Train_859.jpg,"[768, 0, 64, 43]",1
Train_371.jpg,"[832, 0, 64, 43]",1
Train_780.jpg,"[896, 0, 64, 43]",1
Train_1609.jpg,"[960, 0, 64, 43]",1
Train_735.jpg,"[1088, 0, 64, 43]",1
Train_230.jpg,"[1152, 0, 64, 43]",1
Train_1600.jpg,"[1280, 0, 64, 43]",0
Train_668.jpg,"[1344, 0, 64, 43]",1
Train_1464.jpg,"[1408, 0, 64, 43]",1
Train_882.jpg,"[1472, 0, 64, 43]",0
Train_1185.jpg,"[1664, 0, 64, 43]",1
Train_1708.jpg,"[1728, 0, 64, 43]",1
Train_237.jpg,"[1792, 0, 64, 43]",1
Train_775.jpg,"[0, 43, 64, 43]",1
Train_397.jpg,"[128, 43, 64, 43]",0
Train_518.jpg,"[256, 43, 64, 43]",1
Train_682.jpg,"[320, 43, 64, 43]",1
Train_1317.jpg,"[384, 43, 64, 43]",1
Train_1027.jpg,"[448, 43, 64, 43]",1
Train_1022.jpg,"[512, 43, 64, 43]",1
Train_697.jpg,"[576, 43, 64, 43]",1
Train_1086.jpg,"[704, 43, 64, 43]",0
Train_864.jpg,"[768, 43, 64, 43]",0
Train_164.jpg,"[832, 43, 64, 43]",1
Train_418.jpg,"[896, 43, 64, 43]",1
Train_1463.jpg,"[960, 43, 64, 43]",0
Train_1334.jpg,"[1024, 43, 64, 43]",1
Train_641.jpg,"[1088, 43, 64, 43]",1
Train_1049.jpg,"[1152, 43, 64, 43]",1
Train_359.jpg,"[1216, 43, 64, 43]",0
Train_408.jpg,"[1280, 43, 64, 43]",1
Train_953.jpg,"[1344, 43, 64, 43]",0
Train_339.jpg,"[1408, 43, 64, 43]",0
Train_1018.jpg,"[1472, 43, 64, 43]",1
Train_728.jpg,"[1536, 43, 64, 43]",1
Train_900.jpg,"[1664, 43, 64, 43]",1
Train_1468.jpg,"[1792, 43, 64, 43]",1
Train_1394.jpg,"[0, 86, 64, 43]",1
Train_1154.jpg,"[64, 86, 64, 43]",1
Train_84.jpg,"[128, 86, 64, 43]",1
Train_704.jpg,"[192, 86, 64, 43]",0
Train_1134.jpg,"[256, 86, 64, 43]",1
Train_33.jpg,"[320, 86, 64, 43]",0
Train_919.jpg,"[384, 86, 64, 43]",0
Train_292.jpg,"[448, 86, 64, 43]",1
Train_1697.jpg,"[512, 86, 64, 43]",0
Train_1576.jpg,"[576, 86, 64, 43]",1
Train_729.jpg,"[704, 86, 64, 43]",1
Train_857.jpg,"[768, 86, 64, 43]",1
Train_263.jpg,"[832, 86, 64, 43]",0
Train_1558.jpg,"[896, 86, 64, 43]",1
Train_1215.jpg,"[1024, 86, 64, 43]",1
Train_1218.jpg,"[1088, 86, 64, 43]",1
Train_1778.jpg,"[1152, 86, 64, 43]",0
Train_705.jpg,"[1216, 86, 64, 43]",1
Train_363.jpg,"[1280, 86, 64, 43]",1
Train_306.jpg,"[1408, 86, 64, 43]",1
Train_1021.jpg,"[1472, 86, 64, 43]",1
Train_480.jpg,"[1536, 86, 64, 43]",1
Train_561.jpg,"[1600, 86, 64, 43]",1
Train_905.jpg,"[1664, 86, 64, 43]",1
Train_832.jpg,"[1728, 86, 64, 43]",1
Train_399.jpg,"[1792, 86, 64, 43]",1
Train_428.jpg,"[0, 129, 64, 43]",1
Train_474.jpg,"[64, 129, 64, 43]",0
Train_87.jpg,"[128, 129, 64, 43]",1
Train_62.jpg,"[256, 129, 64, 43]",1
Train_546.jpg,"[320, 129, 64, 43]",0
Train_1138.jpg,"[448, 129, 64, 43]",1
Train_740.jpg,"[512, 129, 64, 43]",1
Train_1368.jpg,"[576, 129, 64, 43]",0
Train_513.jpg,"[640, 129, 64, 43]",1
Train_889.jpg,"[704, 129, 64, 43]",1
Train_25.jpg,"[768, 129, 64, 43]",1
Train_564.jpg,"[832, 129, 64, 43]",1
Train_936.jpg,"[960, 129, 64, 43]",1
Train_1704.jpg,"[1024, 129, 64, 43]",1
Train_1173.jpg,"[1088, 129, 64, 43]",1
Train_1793.jpg,"[1152, 129, 64, 43]",1
Train_517.jpg,"[1216, 129, 64, 43]",1
Train_526.jpg,"[1280, 129, 64, 43]",0
Train_656.jpg,"[1344, 129, 64, 43]",1
Train_651.jpg,"[1408, 129, 64, 43]",1
Train_800.jpg,"[1536, 129, 64, 43]",0
Train_1641.jpg,"[1600, 129, 64, 43]",1
Train_208.jpg,"[1664, 129, 64, 43]",1
Train_762.jpg,"[1728, 129, 64, 43]",1
Train_348.jpg,"[1792, 129, 64, 43]",0
Train_1442.jpg,"[64, 172, 64, 43]",0
Train_282.jpg,"[128, 172, 64, 43]",0
Train_216.jpg,"[192, 172, 64, 43]",1
Train_449.jpg,"[256, 172, 64, 43]",1
Train_994.jpg,"[384, 172, 64, 43]",1
Train_1768.jpg,"[448, 172, 64, 43]",1
Train_1264.jpg,"[640, 172, 64, 43]",1
Train_648.jpg,"[704, 172, 64, 43]",0
Train_39.jpg,"[832, 172, 64, 43]",1
Train_66.jpg,"[896, 172, 64, 43]",0
Train_1298.jpg,"[960, 172, 64, 43]",1
Train_1084.jpg,"[1024, 172, 64, 43]",1
Train_1129.jpg,"[1088, 172, 64, 43]",1
Train_257.jpg,"[1152, 172, 64, 43]",0
Train_1358.jpg,"[1216, 172, 64, 43]",1
Train_1590.jpg,"[1280, 172, 64, 43]",0
Train_1197.jpg,"[1344, 172, 64, 43]",1
Train_763.jpg,"[1408, 172, 64, 43]",1
Train_1732.jpg,"[1472, 172, 64, 43]",1
Train_1051.jpg,"[1536, 172, 64, 43]",1
Train_1554.jpg,"[1600, 172, 64, 43]",1
Train_262.jpg,"[1664, 172, 64, 43]",1
Train_1498.jpg,"[1728, 172, 64, 43]",1
Train_1487.jpg,"[1792, 172, 64, 43]",1
Train_1287.jpg,"[128, 215, 64, 43]",0
Train_1149.jpg,"[192, 215, 64, 43]",1
Train_508.jpg,"[256, 215, 64, 43]",1
Train_1664.jpg,"[320, 215, 64, 43]",1
Train_1239.jpg,"[384, 215, 64, 43]",0
Train_454.jpg,"[448, 215, 64, 43]",1
Train_975.jpg,"[512, 215, 64, 43]",1
Train_1324.jpg,"[576, 215, 64, 43]",1
Train_1139.jpg,"[640, 215, 64, 43]",0
Train_180.jpg,"[704, 215, 64, 43]",1
Train_286.jpg,"[832, 215, 64, 43]",1
Train_1125.jpg,"[896, 215, 64, 43]",1
Train_544.jpg,"[960, 215, 64, 43]",0
Train_367.jpg,"[1024, 215, 64, 43]",0
Train_50.jpg,"[1088, 215, 64, 43]",1
Train_1533.jpg,"[1216, 215, 64, 43]",0
Train_1454.jpg,"[1280, 215, 64, 43]",1
Train_1124.jpg,"[1408, 215, 64, 43]",1
Train_1577.jpg,"[1472, 215, 64, 43]",1
Train_116.jpg,"[1600, 215, 64, 43]",1
Train_958.jpg,"[1664, 215, 64, 43]",0
Train_522.jpg,"[1728, 215, 64, 43]",1
Train_1799.jpg,"[1792, 215, 64, 43]",0
Train_70.jpg,"[0, 258, 64, 43]",0
Train_1434.jpg,"[64, 258, 64, 43]",1
Train_1714.jpg,"[128, 258, 64, 43]",1
Train_271.jpg,"[192, 258, 64, 43]",0
Train_686.jpg,"[256, 258, 64, 43]",1
Train_1362.jpg,"[320, 258, 64, 43]",1
Train_1632.jpg,"[384, 258, 64, 43]",1
Train_362.jpg,"[512, 258, 64, 43]",1
Train_1453.jpg,"[576, 258, 64, 43]",1
Train_200.jpg,"[640, 258, 64, 43]",1
Train_1596.jpg,"[704, 258, 64, 43]",1
Train_338.jpg,"[768, 258, 64, 43]",1
Train_1234.jpg,"[832, 258, 64, 43]",1
Train_636.jpg,"[896, 258, 64, 43]",1
Train_995.jpg,"[960, 258, 64, 43]",1
Train_1376.jpg,"[1152, 258, 64, 43]",1
Train_231.jpg,"[1216, 258, 64, 43]",1
Train_749.jpg,"[1280, 258, 64, 43]",1
Train_1369.jpg,"[1472, 258, 64, 43]",1
Train_401.jpg,"[1536, 258, 64, 43]",1
Train_1787.jpg,"[1600, 258, 64, 43]",1
Train_430.jpg,"[1664, 258, 64, 43]",0
Train_1618.jpg,"[1792, 258, 64, 43]",1
Train_446.jpg,"[0, 301, 64, 43]",0
Train_543.jpg,"[64, 301, 64, 43]",1
Train_577.jpg,"[128, 301, 64, 43]",1
Train_1613.jpg,"[256, 301, 64, 43]",1
Train_288.jpg,"[320, 301, 64, 43]",1
Train_1142.jpg,"[384, 301, 64, 43]",1
Train_400.jpg,"[512, 301, 64, 43]",1
Train_440.jpg,"[576, 301, 64, 43]",1
Train_186.jpg,"[768, 301, 64, 43]",1
Train_243.jpg,"[832, 301, 64, 43]",1
Train_940.jpg,"[896, 301, 64, 43]",1
Train_1050.jpg,"[960, 301, 64, 43]",1
Train_1322.jpg,"[1024, 301, 64, 43]",1
Train_1560.jpg,"[1088, 301, 64, 43]",1
Train_1213.jpg,"[1152, 301, 64, 43]",1
Train_1216.jpg,"[1216, 301, 64, 43]",1
Train_957.jpg,"[1280, 301, 64, 43]",1
Train_1525.jpg,"[1344, 301, 64, 43]",1
Train_1544.jpg,"[1408, 301, 64, 43]",1
Train_969.jpg,"[1472, 301, 64, 43]",0
Train_1010.jpg,"[1536, 301, 64, 43]",1
Train_862.jpg,"[1600, 301, 64, 43]",1
Train_983.jpg,"[1664, 301, 64, 43]",0
Train_1548.jpg,"[1728, 301, 64, 43]",0
Train_560.jpg,"[1792, 301, 64, 43]",1
Train_1413.jpg,"[64, 344, 64, 43]",1
Train_1591.jpg,"[128, 344, 64, 43]",1
Train_743.jpg,"[192, 344, 64, 43]",1
Train_1494.jpg,"[256, 344, 64, 43]",1
Train_753.jpg,"[320, 344, 64, 43]",0
Train_912.jpg,"[448, 344, 64, 43]",1
Train_1536.jpg,"[512, 344, 64, 43]",1
Train_1046.jpg,"[576, 344, 64, 43]",1
Train_519.jpg,"[640, 344, 64, 43]",1
Train_104.jpg,"[704, 344, 64, 43]",1
Train_1236.jpg,"[832, 344, 64, 43]",1
Train_393.jpg,"[896, 344, 64, 43]",0
Train_1230.jpg,"[960, 344, 64, 43]",0
Train_894.jpg,"[1024, 344, 64, 43]",1
Train_589.jpg,"[1088, 344, 64, 43]",1
Train_471.jpg,"[1216, 344, 64, 43]",1
Train_1378.jpg,"[1280, 344, 64, 43]",1
Train_1254.jpg,"[1344, 344, 64, 43]",0
Train_196.jpg,"[1408, 344, 64, 43]",1
Train_458.jpg,"[1472, 344, 64, 43]",1
Train_1123.jpg,"[1664, 344, 64, 43]",0
Train_1152.jpg,"[1728, 344, 64, 43]",1
Train_1078.jpg,"[1792, 344, 64, 43]",1
Train_1607.jpg,"[0, 387, 64, 43]",1
Train_294.jpg,"[128, 387, 64, 43]",1
Train_1662.jpg,"[256, 387, 64, 43]",1
Train_524.jpg,"[320, 387, 64, 43]",1
Train_1085.jpg,"[384, 387, 64, 43]",0
Train_395.jpg,"[448, 387, 64, 43]",1
Train_1389.jpg,"[512, 387, 64, 43]",0
Train_283.jpg,"[576, 387, 64, 43]",1
Train_163.jpg,"[640, 387, 64, 43]",1
Train_1757.jpg,"[704, 387, 64, 43]",1
Train_469.jpg,"[768, 387, 64, 43]",1
Train_503.jpg,"[832, 387, 64, 43]",1
Train_1780.jpg,"[896, 387, 64, 43]",1
Train_1310.jpg,"[960, 387, 64, 43]",1
Train_95.jpg,"[1024, 387, 64, 43]",1
Train_1634.jpg,"[1088, 387, 64, 43]",0
Train_1549.jpg,"[1152, 387, 64, 43]",0
Train_1531.jpg,"[1216, 387, 64, 43]",1
Train_144.jpg,"[1280, 387, 64, 43]",0
Train_1659.jpg,"[1344, 387, 64, 43]",1
Train_574.jpg,"[1408, 387, 64, 43]",1
Train_1168.jpg,"[1472, 387, 64, 43]",1
Train_1765.jpg,"[1536, 387, 64, 43]",1
Train_1526.jpg,"[1600, 387, 64, 43]",1
Train_804.jpg,"[1664, 387, 64, 43]",1
Train_1359.jpg,"[1728, 387, 64, 43]",1
Train_1815.jpg,"[1792, 387, 64, 43]",1
Train_145.jpg,"[0, 430, 64, 43]",1
Train_427.jpg,"[128, 430, 64, 43]",0
Train_224.jpg,"[256, 430, 64, 43]",0
Train_1462.jpg,"[320, 430, 64, 43]",1
Train_539.jpg,"[448, 430, 64, 43]",1
Train_609.jpg,"[512, 430, 64, 43]",1
Train_1743.jpg,"[576, 430, 64, 43]",1
Train_886.jpg,"[640, 430, 64, 43]",1
Train_1357.jpg,"[704, 430, 64, 43]",0
Train_1089.jpg,"[832, 430, 64, 43]",1
Train_1779.jpg,"[896, 430, 64, 43]",1
Train_1421.jpg,"[960, 430, 64, 43]",1
Train_1747.jpg,"[1088, 430, 64, 43]",1
Train_267.jpg,"[1152, 430, 64, 43]",1
Train_924.jpg,"[1216, 430, 64, 43]",0
Train_128.jpg,"[1280, 430, 64, 43]",1
Train_32.jpg,"[1344, 430, 64, 43]",1
Train_1372.jpg,"[1408, 430, 64, 43]",0
Train_918.jpg,"[1536, 430, 64, 43]",0
Train_537.jpg,"[1600, 430, 64, 43]",0
Train_765.jpg,"[1664, 430, 64, 43]",1
Train_191.jpg,"[1728, 430, 64, 43]",1
Train_1648.jpg,"[0, 473, 64, 43]",1
Train_1790.jpg,"[64, 473, 64, 43]",1
Train_1338.jpg,"[128, 473, 64, 43]",1
Train_36.jpg,"[256, 473, 64, 43]",1
Train_1013.jpg,"[320, 473, 64, 43]",1
Train_1506.jpg,"[512, 473, 64, 43]",1
Train_566.jpg,"[576, 473, 64, 43]",0
Train_1107.jpg,"[640, 473, 64, 43]",1
Train_1784.jpg,"[768, 473, 64, 43]",1
Train_1031.jpg,"[832, 473, 64, 43]",0
Train_1009.jpg,"[896, 473, 64, 43]",1
Train_1433.jpg,"[960, 473, 64, 43]",1
Train_645.jpg,"[1024, 473, 64, 43]",1
Train_1366.jpg,"[1088, 473, 64, 43]",0
Train_1100.jpg,"[1152, 473, 64, 43]",1
Train_1251.jpg,"[1216, 473, 64, 43]",0
Train_169.jpg,"[1280, 473, 64, 43]",1
Train_245.jpg,"[1344, 473, 28, 43]",1
Train_1670.jpg,"[1408, 473, 64, 43]",0
Train_297.jpg,"[1472, 473, 64, 43]",1
Train_410.jpg,"[1536, 473, 64, 43]",1
Train_1646.jpg,"[1664, 473, 64, 43]",0
Train_1004.jpg,"[1728, 473, 64, 43]",0
Train_391.jpg,"[1792, 473, 64, 43]",1
Train_926.jpg,"[0, 516, 64, 43]",1
Train_1.jpg,"[64, 516, 64, 43]",1
Train_152.jpg,"[128, 516, 64, 43]",1
Train_569.jpg,"[192, 516, 64, 43]",0
Train_434.jpg,"[320, 516, 64, 43]",1
Train_1198.jpg,"[384, 516, 64, 43]",0
Train_1796.jpg,"[576, 516, 64, 43]",1
Train_510.jpg,"[640, 516, 64, 43]",1
Train_538.jpg,"[704, 516, 64, 43]",1
Train_1441.jpg,"[832, 516, 64, 43]",1
Train_1135.jpg,"[896, 516, 64, 43]",1
Train_1263.jpg,"[960, 516, 64, 43]",1
Train_299.jpg,"[1024, 516, 64, 43]",1
Train_877.jpg,"[1088, 516, 64, 43]",0
Train_1817.jpg,"[1152, 516, 64, 43]",0
Train_236.jpg,"[1216, 516, 64, 43]",1
Train_1587.jpg,"[1280, 516, 64, 43]",0
Train_1470.jpg,"[1344, 516, 64, 43]",1
Train_1037.jpg,"[1408, 516, 64, 43]",1
Train_1685.jpg,"[1600, 516, 64, 43]",1
Train_1015.jpg,"[1664, 516, 64, 43]",1
Train_1035.jpg,"[1728, 516, 64, 43]",1
Train_1145.jpg,"[0, 559, 64, 43]",1
Train_419.jpg,"[192, 559, 64, 43]",1
Train_732.jpg,"[256, 559, 64, 43]",1
Train_1612.jpg,"[320, 559, 64, 43]",0
Train_1483.jpg,"[448, 559, 64, 43]",1
Train_1313.jpg,"[512, 559, 64, 43]",0
Train_932.jpg,"[576, 559, 64, 43]",1
Train_563.jpg,"[640, 559, 64, 43]",1
Train_1355.jpg,"[704, 559, 64, 43]",0
Train_277.jpg,"[768, 559, 64, 43]",1
Train_640.jpg,"[832, 559, 64, 43]",1
Train_429.jpg,"[896, 559, 64, 43]",1
Train_629.jpg,"[1024, 559, 64, 43]",1
Train_1466.jpg,"[1088, 559, 64, 43]",0
Train_1280.jpg,"[1152, 559, 64, 43]",1
Train_1151.jpg,"[1216, 559, 64, 43]",0
Train_1365.jpg,"[1280, 559, 64, 43]",1
Train_602.jpg,"[1408, 559, 64, 43]",1
Train_6.jpg,"[1472, 559, 64, 43]",1
Train_908.jpg,"[1536, 559, 64, 43]",0
Train_991.jpg,"[1600, 559, 64, 43]",1
Train_204.jpg,"[1664, 559, 64, 43]",1
Train_1270.jpg,"[1728, 559, 64, 43]",1
Train_485.jpg,"[0, 602, 64, 43]",1
Train_1119.jpg,"[128, 602, 64, 43]",1
Train_74.jpg,"[256, 602, 64, 43]",1
Train_1712.jpg,"[320, 602, 64, 43]",1
Train_1710.jpg,"[384, 602, 64, 43]",1
Train_1189.jpg,"[448, 602, 64, 43]",1
Train_785.jpg,"[512, 602, 64, 43]",1
Train_123.jpg,"[576, 602, 64, 43]",0
Train_1720.jpg,"[640, 602, 64, 43]",1
Train_1484.jpg,"[832, 602, 64, 43]",1
Train_974.jpg,"[896, 602, 64, 43]",1
Train_1804.jpg,"[1088, 602, 64, 43]",1
Train_268.jpg,"[1152, 602, 64, 43]",1
Train_327.jpg,"[1216, 602, 64, 43]",1
Train_949.jpg,"[1280, 602, 64, 43]",1
Train_870.jpg,"[1344, 602, 64, 43]",1
Train_1176.jpg,"[1472, 602, 64, 43]",0
Train_1792.jpg,"[1536, 602, 64, 43]",1
Train_122.jpg,"[1600, 602, 64, 43]",1
Train_379.jpg,"[1664, 602, 64, 43]",1
Train_325.jpg,"[1728, 602, 64, 43]",1
Train_811.jpg,"[1792, 602, 64, 43]",0
Train_124.jpg,"[64, 645, 64, 43]",1
Train_1184.jpg,"[256, 645, 64, 43]",1
Train_1602.jpg,"[320, 645, 64, 43]",1
Train_1028.jpg,"[384, 645, 64, 43]",1
Train_1161.jpg,"[448, 645, 64, 43]",1
Train_155.jpg,"[512, 645, 64, 43]",1
Train_1744.jpg,"[576, 645, 64, 43]",1
Train_1164.jpg,"[704, 645, 64, 43]",0
Train_1443.jpg,"[768, 645, 64, 43]",1
Train_438.jpg,"[896, 645, 64, 43]",0
Train_136.jpg,"[960, 645, 64, 43]",0
Train_1416.jpg,"[1024, 645, 64, 43]",1
Train_1611.jpg,"[1088, 645, 64, 43]",0
Train_154.jpg,"[1152, 645, 64, 43]",1
Train_1812.jpg,"[1216, 645, 64, 43]",1
Train_895.jpg,"[1344, 645, 64, 43]",0
Train_436.jpg,"[1408, 645, 64, 43]",1
Train_754.jpg,"[1472, 645, 64, 43]",1
Train_535.jpg,"[1536, 645, 64, 43]",1
Train_787.jpg,"[1600, 645, 64, 43]",1
Train_719.jpg,"[1728, 645, 64, 43]",1
Train_1255.jpg,"[1792, 645, 64, 43]",1
Train_1514.jpg,"[0, 688, 64, 43]",1
Train_1224.jpg,"[64, 688, 64, 43]",0
Train_702.jpg,"[128, 688, 64, 43]",1
Train_955.jpg,"[192, 688, 64, 43]",1
Train_284.jpg,"[256, 688, 64, 43]",1
Train_724.jpg,"[320, 688, 64, 43]",1
Train_113.jpg,"[384, 688, 64, 43]",1
Train_1065.jpg,"[448, 688, 64, 43]",1
Train_170.jpg,"[512, 688, 64, 43]",1
Train_1574.jpg,"[640, 688, 64, 43]",1
Train_456.jpg,"[704, 688, 64, 43]",1
Train_484.jpg,"[768, 688, 64, 43]",1
Train_1390.jpg,"[896, 688, 64, 43]",1
Train_961.jpg,"[960, 688, 64, 43]",0
Train_542.jpg,"[1024, 688, 64, 43]",1
Train_382.jpg,"[1088, 688, 64, 43]",1
Train_300.jpg,"[1152, 688, 64, 43]",0
Train_1102.jpg,"[1216, 688, 64, 43]",1
Train_177.jpg,"[1280, 688, 64, 43]",1
Train_493.jpg,"[1344, 688, 64, 43]",1
Train_1181.jpg,"[1472, 688, 64, 43]",1
Train_336.jpg,"[1536, 688, 64, 43]",1
Train_1167.jpg,"[1600, 688, 64, 43]",1
Train_37.jpg,"[1664, 688, 64, 43]",1
Train_799.jpg,"[0, 731, 64, 43]",1
Train_745.jpg,"[192, 731, 64, 43]",1
Train_85.jpg,"[256, 731, 64, 43]",1
Train_1481.jpg,"[320, 731, 64, 43]",1
Train_1379.jpg,"[448, 731, 64, 43]",1
Train_275.jpg,"[512, 731, 64, 43]",1
Train_786.jpg,"[768, 731, 64, 43]",0
Train_224.jpg,"[832, 731, 64, 43]",0
Train_761.jpg,"[896, 731, 64, 43]",0
Train_1621.jpg,"[960, 731, 64, 43]",0
Train_1538.jpg,"[1024, 731, 64, 43]",0
Train_1126.jpg,"[1088, 731, 64, 43]",1
Train_1207.jpg,"[1216, 731, 64, 43]",1
Train_112.jpg,"[1280, 731, 64, 43]",1
Train_873.jpg,"[1344, 731, 64, 43]",1
Train_859.jpg,"[1472, 731, 64, 43]",1
Train_1295.jpg,"[1536, 731, 64, 43]",1
Train_1658.jpg,"[1600, 731, 64, 43]",1
Train_1210.jpg,"[1728, 731, 64, 43]",0
Train_242.jpg,"[1792, 731, 64, 43]",1
Train_1675.jpg,"[0, 774, 64, 43]",0
Train_778.jpg,"[64, 774, 64, 43]",1
Train_1228.jpg,"[192, 774, 64, 43]",1
Train_37.jpg,"[320, 774, 64, 43]",1
Train_1170.jpg,"[384, 774, 64, 43]",1
Train_819.jpg,"[576, 774, 64, 43]",1
Train_1319.jpg,"[640, 774, 64, 43]",1
Train_1281.jpg,"[960, 774, 64, 43]",1
Train_1729.jpg,"[1088, 774, 64, 43]",1
Train_892.jpg,"[1152, 774, 64, 43]",1
Train_715.jpg,"[1280, 774, 64, 43]",1
Train_1816.jpg,"[1344, 774, 64, 43]",1
Train_207.jpg,"[1408, 774, 64, 43]",1
Train_1273.jpg,"[1472, 774, 64, 43]",1
Train_361.jpg,"[1536, 774, 64, 43]",1
Train_1384.jpg,"[1664, 774, 64, 43]",1
Train_1410.jpg,"[1728, 774, 64, 43]",1
Train_103.jpg,"[1792, 774, 64, 43]",0
Train_508.jpg,"[128, 817, 64, 43]",1
Train_1178.jpg,"[192, 817, 64, 43]",1
Train_1098.jpg,"[320, 817, 64, 43]",1
Train_1034.jpg,"[384, 817, 64, 43]",0
Train_1373.jpg,"[448, 817, 64, 43]",1
Train_1082.jpg,"[512, 817, 64, 43]",0
Train_1096.jpg,"[576, 817, 64, 43]",1
Train_165.jpg,"[640, 817, 64, 43]",1
Train_623.jpg,"[832, 817, 64, 43]",1
Train_1472.jpg,"[896, 817, 64, 43]",1
Train_1694.jpg,"[960, 817, 64, 43]",0
Train_43.jpg,"[1024, 817, 64, 43]",0
Train_129.jpg,"[1088, 817, 64, 43]",1
Train_1476.jpg,"[1152, 817, 64, 43]",0
Train_301.jpg,"[1344, 817, 64, 43]",1
Train_315.jpg,"[1408, 817, 64, 43]",1
Train_411.jpg,"[1472, 817, 64, 43]",1
Train_1545.jpg,"[1536, 817, 64, 43]",1
Train_451.jpg,"[1600, 817, 64, 43]",1
Train_604.jpg,"[1664, 817, 64, 43]",1
Train_570.jpg,"[1728, 817, 64, 43]",1
Train_593.jpg,"[1792, 817, 64, 43]",1
Train_289.jpg,"[0, 860, 64, 43]",1
Train_1327.jpg,"[64, 860, 64, 43]",1
Train_368.jpg,"[128, 860, 64, 43]",1
Train_1171.jpg,"[192, 860, 64, 43]",0
Train_605.jpg,"[256, 860, 64, 43]",0
Train_3.jpg,"[320, 860, 64, 43]",1
Train_247.jpg,"[512, 860, 64, 43]",0
Train_450.jpg,"[576, 860, 64, 43]",0
Train_280.jpg,"[768, 860, 64, 43]",1
Train_396.jpg,"[832, 860, 64, 43]",0
Train_319.jpg,"[896, 860, 64, 43]",1
Train_1530.jpg,"[960, 860, 64, 43]",0
Train_548.jpg,"[1024, 860, 64, 43]",1
Train_192.jpg,"[1088, 860, 64, 43]",1
Train_392.jpg,"[1152, 860, 64, 43]",0
Train_534.jpg,"[1280, 860, 64, 43]",1
Train_609.jpg,"[1344, 860, 64, 43]",1
Train_1584.jpg,"[1408, 860, 64, 43]",1
Train_323.jpg,"[1472, 860, 64, 43]",1
Train_1053.jpg,"[1536, 860, 64, 43]",1
Train_1370.jpg,"[1664, 860, 64, 43]",1
Train_989.jpg,"[1728, 860, 64, 43]",0
Train_23.jpg,"[0, 903, 64, 43]",1
Train_603.jpg,"[64, 903, 64, 43]",0
Train_589.jpg,"[128, 903, 64, 43]",1
Train_687.jpg,"[192, 903, 64, 43]",1
Train_738.jpg,"[384, 903, 64, 43]",1
Train_1177.jpg,"[448, 903, 64, 43]",1
Train_1703.jpg,"[512, 903, 64, 43]",1
Train_898.jpg,"[640, 903, 64, 43]",1
Train_118.jpg,"[704, 903, 64, 43]",1
Train_959.jpg,"[768, 903, 64, 43]",0
Train_998.jpg,"[832, 903, 64, 43]",1
Train_1008.jpg,"[896, 903, 64, 43]",1
Train_700.jpg,"[960, 903, 64, 43]",1
Train_1222.jpg,"[1024, 903, 64, 43]",1
Train_1354.jpg,"[1088, 903, 64, 43]",0
Train_725.jpg,"[1152, 903, 64, 43]",0
Train_895.jpg,"[1280, 903, 64, 43]",0
Train_386.jpg,"[1408, 903, 64, 43]",1
Train_1274.jpg,"[1472, 903, 64, 43]",1
Train_1233.jpg,"[1600, 903, 64, 43]",1
Train_412.jpg,"[1664, 903, 64, 43]",0
Train_1639.jpg,"[1728, 903, 64, 43]",1
Train_1491.jpg,"[1792, 903, 64, 43]",1
Train_1275.jpg,"[0, 946, 64, 43]",1
Train_346.jpg,"[64, 946, 64, 43]",1
Train_349.jpg,"[128, 946, 64, 43]",1
Train_1594.jpg,"[256, 946, 64, 43]",1
Train_605.jpg,"[320, 946, 64, 43]",0
Train_871.jpg,"[384, 946, 64, 43]",1
Train_1758.jpg,"[448, 946, 64, 43]",1
Train_272.jpg,"[512, 946, 64, 43]",1
Train_1631.jpg,"[576, 946, 64, 43]",0
Train_1419.jpg,"[640, 946, 64, 43]",1
Train_751.jpg,"[704, 946, 64, 43]",1
Train_1581.jpg,"[768, 946, 64, 43]",1
Train_716.jpg,"[832, 946, 64, 43]",1
Train_1266.jpg,"[896, 946, 64, 43]",1
Train_1377.jpg,"[960, 946, 64, 43]",0
Train_954.jpg,"[1024, 946, 64, 43]",1
Train_1105.jpg,"[1088, 946, 64, 43]",1
Train_826.jpg,"[1216, 946, 64, 43]",0
Train_706.jpg,"[1408, 946, 64, 43]",1
Train_111.jpg,"[1600, 946, 64, 43]",0
Train_90.jpg,"[1664, 946, 64, 43]",0
Train_579.jpg,"[1728, 946, 64, 43]",0
Train_1260.jpg,"[1792, 946, 64, 43]",1
Train_833.jpg,"[0, 989, 64, 43]",0
Train_723.jpg,"[64, 989, 64, 43]",1
Train_388.jpg,"[128, 989, 64, 43]",1
Train_835.jpg,"[192, 989, 64, 43]",0
Train_1592.jpg,"[256, 989, 64, 43]",1
Train_694.jpg,"[384, 989, 64, 43]",0
Train_357.jpg,"[448, 989, 64, 43]",0
Train_1700.jpg,"[512, 989, 64, 43]",1
Train_1630.jpg,"[576, 989, 64, 43]",1
Train_1523.jpg,"[640, 989, 64, 43]",1
Train_1721.jpg,"[704, 989, 64, 43]",1
Train_52.jpg,"[768, 989, 64, 43]",1
Train_1515.jpg,"[832, 989, 64, 43]",1
Train_1556.jpg,"[896, 989, 64, 43]",0
Train_1108.jpg,"[960, 989, 64, 43]",1
Train_819.jpg,"[1024, 989, 64, 43]",1
Train_108.jpg,"[1088, 989, 64, 43]",1
Train_42.jpg,"[1152, 989, 64, 43]",1
Train_384.jpg,"[1216, 989, 64, 43]",1
Train_447.jpg,"[1280, 989, 64, 43]",1
Train_979.jpg,"[1344, 989, 64, 43]",0
Train_244.jpg,"[1408, 989, 64, 43]",1
Train_906.jpg,"[1536, 989, 64, 43]",1
Train_968.jpg,"[1600, 989, 64, 43]",0
Train_1798.jpg,"[1664, 989, 64, 43]",1
Train_1687.jpg,"[1728, 989, 64, 43]",0
Train_1706.jpg,"[0, 1032, 64, 43]",0
Train_1668.jpg,"[64, 1032, 64, 43]",1
Train_1477.jpg,"[128, 1032, 64, 43]",0
Train_453.jpg,"[192, 1032, 64, 43]",1
Train_1578.jpg,"[320, 1032, 64, 43]",1
Train_1539.jpg,"[384, 1032, 64, 43]",0
Train_934.jpg,"[448, 1032, 64, 43]",0
Train_142.jpg,"[512, 1032, 64, 43]",1
Train_1640.jpg,"[576, 1032, 64, 43]",1
Train_816.jpg,"[640, 1032, 64, 43]",1
Train_1162.jpg,"[704, 1032, 64, 43]",1
Train_1687.jpg,"[832, 1032, 64, 43]",0
Train_475.jpg,"[896, 1032, 64, 43]",0
Train_491.jpg,"[960, 1032, 64, 43]",0
Train_157.jpg,"[1024, 1032, 64, 43]",1
Train_8.jpg,"[1152, 1032, 64, 43]",1
Train_202.jpg,"[1408, 1032, 64, 43]",1
Train_487.jpg,"[1472, 1032, 64, 43]",1
Train_1418.jpg,"[1536, 1032, 64, 43]",1
Train_150.jpg,"[1600, 1032, 64, 43]",1
Train_963.jpg,"[1664, 1032, 64, 43]",0
Train_1383.jpg,"[1728, 1032, 64, 43]",1
Train_203.jpg,"[0, 1075, 64, 43]",1
Train_1766.jpg,"[64, 1075, 64, 43]",1
Train_111.jpg,"[128, 1075, 64, 43]",0
Train_1329.jpg,"[192, 1075, 64, 43]",1
Train_97.jpg,"[256, 1075, 64, 43]",1
Train_707.jpg,"[384, 1075, 64, 43]",1
Train_1011.jpg,"[448, 1075, 64, 43]",1
Train_291.jpg,"[640, 1075, 64, 43]",0
Train_1748.jpg,"[704, 1075, 64, 43]",0
Train_1490.jpg,"[768, 1075, 64, 43]",1
Train_1562.jpg,"[896, 1075, 64, 43]",0
Train_1563.jpg,"[1024, 1075, 64, 43]",0
Train_1094.jpg,"[1088, 1075, 64, 43]",1
Train_561.jpg,"[1216, 1075, 64, 43]",1
Train_1229.jpg,"[1344, 1075, 64, 43]",1
Train_1713.jpg,"[1600, 1075, 64, 43]",1
Train_527.jpg,"[1664, 1075, 64, 43]",1
Train_317.jpg,"[1728, 1075, 64, 43]",0
Train_48.jpg,"[0, 1118, 64, 43]",1
Train_528.jpg,"[64, 1118, 64, 43]",1
Train_506.jpg,"[128, 1118, 64, 43]",1
Train_1336.jpg,"[192, 1118, 64, 43]",1
Train_1072.jpg,"[256, 1118, 64, 43]",0
Train_774.jpg,"[320, 1118, 64, 43]",0
Train_1647.jpg,"[384, 1118, 64, 43]",1
Train_1791.jpg,"[448, 1118, 64, 43]",1
Train_745.jpg,"[576, 1118, 64, 43]",1
Train_892.jpg,"[640, 1118, 64, 43]",1
Train_443.jpg,"[704, 1118, 64, 43]",0
Train_223.jpg,"[768, 1118, 64, 43]",1
Train_1190.jpg,"[832, 1118, 64, 43]",1
Train_1705.jpg,"[896, 1118, 64, 43]",1
Train_598.jpg,"[960, 1118, 64, 43]",1
Train_698.jpg,"[1024, 1118, 64, 43]",1
Train_1023.jpg,"[1152, 1118, 64, 43]",1
Train_1579.jpg,"[1216, 1118, 64, 43]",1
Train_1077.jpg,"[1280, 1118, 64, 43]",1
Train_693.jpg,"[1408, 1118, 64, 43]",1
Train_1559.jpg,"[1472, 1118, 64, 43]",0
Train_349.jpg,"[1600, 1118, 64, 43]",1
Train_234.jpg,"[1664, 1118, 64, 43]",1
Train_840.jpg,"[1728, 1118, 64, 43]",1
Train_1127.jpg,"[1792, 1118, 64, 43]",1
Train_656.jpg,"[64, 1161, 64, 43]",1
Train_54.jpg,"[128, 1161, 64, 43]",0
Train_1677.jpg,"[256, 1161, 64, 43]",1
Train_26.jpg,"[320, 1161, 64, 43]",1
Train_354.jpg,"[448, 1161, 64, 43]",1
Train_1029.jpg,"[512, 1161, 64, 43]",1
Train_619.jpg,"[576, 1161, 64, 43]",0
Train_570.jpg,"[640, 1161, 64, 43]",1
Train_387.jpg,"[704, 1161, 64, 43]",1
Train_1295.jpg,"[768, 1161, 64, 43]",1
Train_259.jpg,"[832, 1161, 64, 43]",1
Train_1722.jpg,"[896, 1161, 64, 43]",1
Train_1103.jpg,"[960, 1161, 64, 43]",0
Train_804.jpg,"[1024, 1161, 64, 43]",1
Train_1063.jpg,"[1088, 1161, 64, 43]",1
Train_633.jpg,"[1152, 1161, 64, 43]",1
Train_1628.jpg,"[1216, 1161, 64, 43]",1
Train_12.jpg,"[1344, 1161, 64, 43]",1
Train_1240.jpg,"[1472, 1161, 64, 43]",0
Train_935.jpg,"[1600, 1161, 64, 43]",0
Train_178.jpg,"[1664, 1161, 64, 43]",1
Train_1395.jpg,"[1728, 1161, 64, 43]",1
Train_439.jpg,"[1792, 1161, 64, 43]",0
Train_942.jpg,"[0, 1204, 64, 43]",0
Train_1036.jpg,"[64, 1204, 64, 43]",1
Train_1279.jpg,"[192, 1204, 64, 43]",1
Train_1508.jpg,"[320, 1204, 64, 43]",0
Train_532.jpg,"[384, 1204, 64, 43]",0
Train_791.jpg,"[448, 1204, 64, 43]",0
Train_541.jpg,"[576, 1204, 64, 43]",1
Train_600.jpg,"[704, 1204, 64, 43]",1
Train_1104.jpg,"[768, 1204, 64, 43]",1
Train_315.jpg,"[896, 1204, 64, 43]",1
Train_547.jpg,"[960, 1204, 64, 43]",0
Train_573.jpg,"[1024, 1204, 64, 43]",0
Train_1347.jpg,"[1088, 1204, 64, 43]",0
Train_1807.jpg,"[1216, 1204, 64, 43]",0
Train_891.jpg,"[1280, 1204, 64, 43]",1
Train_769.jpg,"[1344, 1204, 64, 43]",0
Train_406.jpg,"[1408, 1204, 64, 43]",0
Train_1283.jpg,"[1536, 1204, 64, 43]",1
Train_1717.jpg,"[1600, 1204, 64, 43]",1
Train_683.jpg,"[1664, 1204, 64, 43]",1
